[
    {"Course":"Amazon web Services","id":1},
    {"Course":"Android","id":2},
    {"Course":"Angular","id":3},
    {"Course":"Angular JS","id":4},
    {"Course":"Ansys","id":5},
    {"Course":"Art","id":6},
    {"Course":"Auto CAD","id":7},
    {"Course":"Artificial Intelligence","id":8},
    {"Course":"Advanced Java","id":9},
    {"Course":"Aptitude","id":10},
    {"Course":"Big Data","id":11},
    {"Course":"Blender","id":12},
    {"Course":"Bootstrap","id":13},
    {"Course":"Baking","id":14},
    {"Course":"Block Chain","id":15},
    {"Course":"C","id":16},
    {"Course":"C#","id":17},
    {"Course":"CPP","id":18},
    {"Course":"Catia","id":19},
    {"Course":"Clojure","id":20},
    {"Course":"Cloud Computing","id":21},
    {"Course":"Cyber Security","id":22},
    {"Course":"Cooking","id":23},
    {"Course":"Content writing","id":24},
    {"Course":"Clay Craft","id":25},
    {"Course":"CAT Exam","id":26},
    {"Course":"Communication","id":27},
    {"Course":"Data Structure","id":28},
    {"Course":"DBMS","id":29},
    {"Course":"Data science","id":30},
    {"Course":"Dart","id":31},
    {"Course":"Deep Learning","id":32},
    {"Course":"Digital Logic design","id":33},
    {"Course":"Django","id":34},
    {"Course":"Dot Net","id":35},
    {"Course":"Drone technology","id":36},
    {"Course":"Digital marketing","id":37},
    {"Course":"Dance","id":38},
    {"Course":"Drawing","id":39},
    {"Course":"Doodling","id":40},
    {"Course":"Embedded C","id":41},
    {"Course":"Embedded system","id":42},
    {"Course":"Emotional Intelligence","id":43},
    {"Course":"Ethical hacking","id":44},
    {"Course":"FireBase","id":45},
    {"Course":"Flutter","id":46},
    {"Course":"Google cloud","id":47},
    {"Course":"Go lang","id":48},
    {"Course":"Graphic design","id":49},
    {"Course":"GitHub","id":50},
    {"Course":"GRE","id":51},
    {"Course":"GATE","id":52},
    {"Course":"HTML","id":53},
    {"Course":"Heroku","id":1},
    {"Course":"Image processing","id":1},
    {"Course":"IOT","id":1},
    {"Course":"IOS","id":1},
    {"Course":"IELTS","id":1},
    {"Course":"Java","id":1},
    {"Course":"JavaScript","id":1},
    {"Course":"Kotlin","id":1},
    {"Course":"Keras","id":1},
    {"Course":"Labview","id":1},
    {"Course":"Laravel","id":1},
    {"Course":"Linux","id":1},
    {"Course":"Logical Reasoning","id":1},
    {"Course":"Mongo DB","id":1},
    {"Course":"Machine learning","id":1},
    {"Course":"MAT Lab","id":1},
    {"Course":"Machine design","id":1},
    {"Course":"MS office","id":1},
    {"Course":"MS Excel","id":1},
    {"Course":"MS Powerpoint","id":1},
    {"Course":"MS word","id":1},
    {"Course":"MS in Australia","id":1},
    {"Course":"MS in USA","id":1},
    {"Course":"MS in UK","id":1},
    {"Course":"MS in Germany","id":1},
    {"Course":"Mobile application development","id":1},
    {"Course":"Marketing","id":1},
    {"Course":"Node JS","id":1},
    {"Course":"NLP","id":1},
    {"Course":"NoSQL","id":1},
    {"Course":"Networking","id":1},
    {"Course":"Open CV","id":1},
    {"Course":"Operating systems","id":1},
    {"Course":"PEGA","id":1},
    {"Course":"PERL","id":1},
    {"Course":"PHP","id":1},
    {"Course":"Python","id":1},
    {"Course":"Photography","id":1},
    {"Course":"PLC","id":1},
    {"Course":"Public Speaking","id":1},
    {"Course":"Paper craft","id":1},
    {"Course":"Quantum Computing","id":1},
    {"Course":"R","id":1},
    {"Course":"React js","id":1},
    {"Course":"React Native","id":1},
    {"Course":"Robotics","id":1},
    {"Course":"ROS","id":1},
    {"Course":"Ruby","id":1},
    {"Course":"Sales Force","id":1},
    {"Course":"SQL","id":1},
    {"Course":"Swift","id":1},
    {"Course":"Soild works","id":1},
    {"Course":"Stearing subsystems","id":1},
    {"Course":"TCL","id":1},
    {"Course":"Typescript","id":1},
    {"Course":"Unity 3D","id":1},
    {"Course":"User interface design","id":1},
    {"Course":"UPSC","id":1},
    {"Course":"VLSI","id":1},
    {"Course":"VR","id":1},
    {"Course":"Video editing","id":1},
    {"Course":"Verilog","id":1},
    {"Course":"Web development","id":1},
    {"Course":"Word press","id":1},
    {"Course":"XFLR5","id":1}
]
